"L66496000807","66496","000807"
"L66196001242","66196","001242"
"L66496000814","66496","000814"
"L66121017714","66121","017714"
"L66203000023","66203","000023"
"L66630000896","66630","000896"
"L66704001166","66704","001166"
"L66861004997","66861","004997"
"L66941005459","66941","005459"
"L66523001778","66523","001778"
"L66523001782","66523","001782"
"L66343006048","66343","006048"
"L66343006040","66343","006040"
"L66260000045","66260","000045"
"L66501000122","66501","000122"
"L66119002272","66119","002272"
"L66196000583","66196","000583"
"L66373002842","66373","002842"
"L66578001049","66578","001049"
"L66808001255","66808","001255"
"L66468002070","66468","002070"
"L66744006147","66744","006147"
"L66260000823","66260","000823"
"L65809004676","65809","004676"
"L66084008603","66084","008603"
"L66253003140","66253","003140"
"L66366004168","66366","004168"
"L66136000328","66136","000328"
"L66581008536","66581","008536"
"L66289001210","66289","001210"
"L66227000985","66227","000985"
"L66500002928","66500","002928"
"L66461000243","66461","000243"
"L66889002908","66889","002908"
"L66371004235","66371","004235"
"L66568001474","66568","001474"
"L66224003293","66224","003293"
"L66227003897","66227","003897"
"L65835005073","65835","005073"
"L65833001981","65833","001981"
"L66850001196","66850","001196"
"L66124001651","66124","001651"
"L66097005930","66097","005930"
"L66097002429","66097","002429"
"L66767000834","66767","000834"
"L66399001146","66399","001146"
"L66808000079","66808","000079"
"L66264000848","66264","000848"
"L66224016129","66224","016129"
"L66581003634","66581","003634"
"L66398002067","66398","002067"
"L66331002004","66331","002004"
"L66943009351","66943","009351"
"L66806000551","66806","000551"
"L66079000790","66079","000790"
"L66704001631","66704","001631"
"L66257006437","66257","006437"
"L66294000242","66294","000242"
"L66533001698","66533","001698"
"L66636000316","66636","000316"
"L66805000155","66805","000155"
"L65906001110","65906","001110"
"L66567000921","66567","000921"
"L66562001124","66562","001124"
"L66496001055","66496","001055"
"L65883003561","65883","003561"
"L66399001612","66399","001612"
"L65910020990","65910","020990"
"L66496000238","66496","000238"
"L66401002149","66401","002149"
"L66257002140","66257","002140"
"L66274000642","66274","000642"
"L66523005241","66523","005241"
"L67057000563","67057","000563"
"L66461002423","66461","002423"
"L66012003096","66012","003096"
"L66136001429","66136","001429"
"L66366001753","66366","001753"
"L66581008842","66581","008842"
"L66628000225","66628","000225"
"L66371002019","66371","002019"
"L66773001260","66773","001260"
"L66635002944","66635","002944"
"L65964000251","65964","000251"
"L66803002344","66803","002344"
"L66578001959","66578","001959"
"L66866010125","66866","010125"
"L66365003433","66365","003433"
"L66628003439","66628","003439"
"L66659001158","66659","001158"
"L66560000833","66560","000833"
"L66495018610","66495","018610"
"L66113000166","66113","000166"
"L66373001928","66373","001928"
"L66259004120","66259","004120"
"L66900000384","66900","000384"
"L66254000659","66254","000659"
"L66850007682","66850","007682"
"L66462000284","66462","000284"
"L66808002269","66808","002269"
"L66579000381","66579","000381"
"L66862006604","66862","006604"
"L66371004424","66371","004424"
"L66461002756","66461","002756"
"L66010000067","66010","000067"
"L66401002079","66401","002079"
"L66203001437","66203","001437"
"l66861004118","66861","004118"
"L66581004686","66581","004686"
"L66642001540","66642","001540"
"l66563000663","66563","000663"
"l66563000652","66563","000652"
"L66261002747","66261","002747"
"L66743002275","66743","002275"
"L66274000504","66274","000504"
"L66581011251","66581","011251"
"L66943009634","66943","009634"
"L66943008835","66943","008835"
"L66013000157","66013","000157"
"L66007000907","66007","000907"
"L66628005961","66628","005961"
"L66630004608","66630","004608"
"L66011001152","66011","001152"
"L66291001266","66291","001266"
"L66515004936","66515","004936"
"L66501001783","66501","001783"
"L65997000801","65997","000801"
"L66119003100","66119","003100"
"L66722000804","66722","000804"
"L66808001279","66808","001279"
"L66012003785","66012","003785"
"L66077000587","66077","000587"
"L66264000231","66264","000231"
"L66562000062","66562","000062"
"L65937001472","65937","001472"
"L66886000211","66886","000211"
"L66196001246","66196","001246"
"L66466000540","66466","000540"
"L66862004618","66862","004618"
"L66632004325","66632","004325"
"L66468001325","66468","001325"
"L66259003950","66259","003950"
"L66365008000","66365","008000"
"L66342004397","66342","004397"
"L66591001035","66591","001035"
"L65809001185","65809","001185"
"L65782000771","65782","000771"
"L66781000432","66781","000432"
"L65809005426","65809","005426"
"L65842001740","65842","001740"
"L66862005864","66862","005864"
"L66806000425","66806","000425"
"L66099009079","66099","009079"
"L66268000811","66268","000811"
"L66889001427","66889","001427"
"L66638005246","66638","005246"
"L65895000083","65895","000083"
"L66743003951","66743","003951"
"L66578000401","66578","000401"
"L66722002030","66722","002030"
"L66581006617","66581","006617"
"L65736001456","65736","001456"
"L66943015338","66943","015338"
"L66294000441","66294","000441"
"L66801000128","66801","000128"
"L65813000310","65813","000310"
"L66224001349","66224","001349"
"L65794001218","65794","001218"
"L65809000035","65809","000035"
"L66488000709","66488","000709"
"L66744002675","66744","002675"
"L66777007552","66777","007552"
"L66367001022","66367","001022"
"L66802002993","66802","002993"
"L66641002670","66641","002670"
"L66955002497","66955","002497"
"L66341000925","66341","000925"
"L66341000919","66341","000919"
"L66535003204","66535","003204"
"L66257004703","66257","004703"
"L66119000618","66119","000618"
"L66265000119","66265","000119"
"L66229003815","66229","003815"
"L66227004302","66227","004302"
"L66581007996","66581","007996"
"L66981006700","66981","006700"
"L66341000923","66341","000923"
"L66227005630","66227","005630"
"L66581008000","66581","008000"
"L66581007990","66581","007990"
"L66944001015","66944","001015"
"L66722001368","66722","001368"
"L66808001249","66808","001249"
"L66703000752","66703","000752"
"L66702003110","66702","003110"
"L66803001094","66803","001094"
"L66702003343","66702","003343"
"L66702003355","66702","003355"
"L66804000642","66804","000642"
"L66861010022","66861","010022"
"L66099000642","66099","000642"
"L66331001355","66331","001355"
"L65812000277","65812","000277"
"L66561000359","66561","000359"
"L66805000600","66805","000600"
"L66743003816","66743","003816"
"L66099010028","66099","010028"
"l66702001561","66702","001561"
"L66635000325","66635","000325"
"L66743002157","66743","002157"
"L67215001244","67215","001244"
"L66269001081","66269","001081"
"L66084005861","66084","005861"
"L65910019925","65910","019925"
"L66223000718","66223","000718"
"L66866012313","66866","012313"
"L66523003012","66523","003012"
"L66943016852","66943","016852"
"L66866006999","66866","006999"
"L66399000978","66399","000978"
"L66772007379","66772","007379"
"L66777004210","66777","004210"
"L67057000753","67057","000753"
"L66343001968","66343","001968"
"L66291000760","66291","000760"
"L66803000611","66803","000611"
"L66862011900","66862","011900"
"L66659004664","66659","004664"
"L66700000151","66700","000151"
"L66780000025","66780","000025"
"L66097003382","66097","003382"
"L66892002783","66892","002783"
"L66227004920","66227","004920"
"L66777009612","66777","009612"
"L67056001549","67056","001549"
"L65735002487","65735","002487"
"L66592000008","66592","000008"
"L66365006206","66365","006206"
"L66343007128","66343","007128"
"L66941004324","66941","004324"
"L66366006218","66366","006218"
"L66291000795","66291","000795"
"L66343007144","66343","007144"
"L66943017192","66943","017192"
"L66495019588","66495","019588"
"L66534004319","66534","004319"
"L66515002820","66515","002820"
"L66719000542","66719","000542"
"L66266001587","66266","001587"
"L66259002335","66259","002335"
"L66941005659","66941","005659"
"L66628006112","66628","006112"
"L66981006657","66981","006657"
"L66866000273","66866","000273"
"L66772005317","66772","005317"
"L66772004629","66772","004629"
"L66577003224","66577","003224"
"L66850007661","66850","007661"
"L66850007672","66850","007672"
"L66850007668","66850","007668"
"L66850007669","66850","007669"
"L66495008698","66495","008698"
"L66665000461","66665","000461"
"L66862003958","66862","003958"
"L66889003026","66889","003026"
"L66889003038","66889","003038"
"L66894002833","66894","002833"
"L66570003824","66570","003824"
"L66566002122","66566","002122"
"L66889001372","66889","001372"
"L66371003692","66371","003692"
"L66722003039","66722","003039"
"L66224003455","66224","003455"
"L66944003117","66944","003117"
"L66632002266","66632","002266"
"L66896000670","66896","000670"
"L66495001388","66495","001388"
"L66702003641","66702","003641"
"L66229000823","66229","000823"
"L66343012228","66343","012228"
"L66084008128","66084","008128"
"L66398000777","66398","000777"
"L66981007923","66981","007923"
"L66579001649","66579","001649"
"L66500000295","66500","000295"
"L66570000121","66570","000121"
"L66581010054","66581","010054"
"L66943002956","66943","002956"
"L66016003184","66016","003184"
"L66496001612","66496","001612"
"L65809000764","65809","000764"
"L66007002037","66007","002037"
"L65736000630","65736","000630"
"L66722002815","66722","002815"
"L66802000008","66802","000008"
"L67021003347","67021","003347"
"L66700000545","66700","000545"
"L66802001471","66802","001471"
"L66014005722","66014","005722"
"l65883001557","65883","001557"
"l66523000732","66523","000732"
"L66943018458","66943","018458"
"L66862007840","66862","007840"
"L66477001657","66477","001657"
"L66862007845","66862","007845"
"L66767000618","66767","000618"
"L66889002167","66889","002167"
"L66700000152","66700","000152"
"L66894002368","66894","002368"
"L66896002857","66896","002857"
"L66495016271","66495","016271"
"L66121009392","66121","009392"
"L66121009389","66121","009389"
"L66366006580","66366","006580"
"L66567000239","66567","000239"
"L66700000362","66700","000362"
"L66700000183","66700","000183"
"L65835002723","65835","002723"
"L66889003602","66889","003602"
"L66850001000","66850","001000"
"L65792000581","65792","000581"
"L66261004323","66261","004323"
"L65708000565","65708","000565"
"L66007000581","66007","000581"
"L66100011369","66100","011369"
"L66577001830","66577","001830"
"L66777003688","66777","003688"
"L66261000107","66261","000107"
"L66861005130","66861","005130"
"L66100004038","66100","004038"
"L66862006137","66862","006137"
"L66861001432","66861","001432"
"L66866005837","66866","005837"
"L66861008121","66861","008121"
"L66534003556","66534","003556"
"L66534003572","66534","003572"
"L66495010234","66495","010234"
"L66488005455","66488","005455"
"L66488005438","66488","005438"
"L66704000531","66704","000531"
"L67077002148","67077","002148"
"L66700000783","66700","000783"
"L67077002147","67077","002147"
"L66495010055","66495","010055"
"L66495010069","66495","010069"
"L66495011358","66495","011358"
"L66495011352","66495","011352"
"L66495011362","66495","011362"
"L66488001753","66488","001753"
"L66495011360","66495","011360"
"L66495011354","66495","011354"
"L66495011349","66495","011349"
"L67077002160","67077","002160"
"L66495011356","66495","011356"
"L66495011365","66495","011365"
"L66495011366","66495","011366"
"L67077002143","67077","002143"
"L66495011353","66495","011353"
"L66366002955","66366","002955"
"L66638002987","66638","002987"
"L66009000420","66009","000420"
"L66365002963","66365","002963"
"L66371004562","66371","004562"
"L66366003000","66366","003000"
"L66632003360","66632","003360"
"L66866004071","66866","004071"
"L66262000614","66262","000614"
"L66943013223","66943","013223"
"L66639000199","66639","000199"
"L67088002787","67088","002787"
"L66804000465","66804","000465"
"L66744008822","66744","008822"
"L66488002962","66488","002962"
"L67078005239","67078","005239"
"L66862007106","66862","007106"
"L66630007418","66630","007418"
"L65883003195","65883","003195"
"L66535007082","66535","007082"
"L66664000749","66664","000749"
"L66743002020","66743","002020"
"L66265001027","66265","001027"
"L66898001740","66898","001740"
"L66203000008","66203","000008"
"L66569000639","66569","000639"
"L66469001952","66469","001952"
"L66981005744","66981","005744"
"L65805003314","65805","003314"
"L65719000018","65719","000018"
"L66224015283","66224","015283"
"L66861009072","66861","009072"
"L66367001814","66367","001814"
"L66659003482","66659","003482"
"l66664000283","66664","000283"
"L66534003746","66534","003746"
"L66571001415","66571","001415"
"L66341000785","66341","000785"
"L66341000786","66341","000786"
"L67005005112","67005","005112"
"L66850000481","66850","000481"
"L66488003789","66488","003789"
"L66889003594","66889","003594"
"L66477000824","66477","000824"
"L67005005092","67005","005092"
"L66635002289","66635","002289"
"L66496000144","66496","000144"
"L66371005692","66371","005692"
"L65875010415","65875","010415"
"L67080005729","67080","005729"
"L66579000228","66579","000228"
"L66850004014","66850","004014"
"L66635000591","66635","000591"
"L66808002053","66808","002053"
"L66808002054","66808","002054"
"L67016002086","67016","002086"
"L66850006133","66850","006133"
"L66497000451","66497","000451"
"L66012001094","66012","001094"
"L67022000016","67022","000016"
"L66580000391","66580","000391"
"L66013001557","66013","001557"
"L66664002595","66664","002595"
"L65781000388","65781","000388"
"L66664002601","66664","002601"
"L66943001618","66943","001618"
"L66581003117","66581","003117"
"L67057000804","67057","000804"
"L66635002472","66635","002472"
"L66889000505","66889","000505"
"L66889003725","66889","003725"
"L66889003724","66889","003724"
"L66889000506","66889","000506"
"L66889003730","66889","003730"
"L66889003731","66889","003731"
"L66889003726","66889","003726"
"L66861003964","66861","003964"
"L66367000941","66367","000941"
"L66743002754","66743","002754"
"L66889002550","66889","002550"
"L66371001163","66371","001163"
"L65896001726","65896","001726"
"L65896001727","65896","001727"
"L65884000474","65884","000474"
"L67090000721","67090","000721"
"L65884000465","65884","000465"
"L65884000483","65884","000483"
"L65884000478","65884","000478"
"l66901001306","66901","001306"
"l66901000984","66901","000984"
"L66577003761","66577","003761"
"L65910017575","65910","017575"
"L67056001636","67056","001636"
"L66943000721","66943","000721"
"L66495016894","66495","016894"
"L67175019472","67175","019472"
"L65964019037","65964","019037"
"L66343010780","66343","010780"
"L66224013817","66224","013817"
"L66253000673","66253","000673"
"L66581004962","66581","004962"
"L66085000745","66085","000745"
"L66866006968","66866","006968"
"L66343014652","66343","014652"
"L66955002825","66955","002825"
"L66955002823","66955","002823"
"L66955002558","66955","002558"
"L66203002265","66203","002265"
"L66570003160","66570","003160"
"L66862007602","66862","007602"
"L66981005732","66981","005732"
"L66224016275","66224","016275"
"L67175014423","67175","014423"
"L67175014421","67175","014421"
"L66581005749","66581","005749"
"L67005006450","67005","006450"
"L66523005919","66523","005919"
"L66100007243","66100","007243"
"L66866006489","66866","006489"
"L66470001007","66470","001007"
"L66260000619","66260","000619"
"L66341000797","66341","000797"
"L66535002812","66535","002812"
"L66638000985","66638","000985"
"L66365003084","66365","003084"
"L66084006779","66084","006779"
"L66199011774","66199","011774"
"L67090000310","67090","000310"
"L66560000008","66560","000008"
"L66257000253","66257","000253"
"L66591000740","66591","000740"
"L66777000704","66777","000704"
"L66179001619","66179","001619"
"L66889002541","66889","002541"
"L66564000371","66564","000371"
"L67175003425","67175","003425"
"L67077000856","67077","000856"
"L67078002852","67078","002852"
"L66955001013","66955","001013"
"L66866006273","66866","006273"
"L67078005036","67078","005036"
"L66289001594","66289","001594"
"L66563000044","66563","000044"
"L66367001060","66367","001060"
"L66084003739","66084","003739"
"L66862002724","66862","002724"
"L65969001041","65969","001041"
"L66257002600","66257","002600"
"L66591001930","66591","001930"
"L66862011638","66862","011638"
"L66578001644","66578","001644"
"L66564000180","66564","000180"
"L67175009781","67175","009781"
"L66500003574","66500","003574"
"L67005005925","67005","005925"
"L67088000583","67088","000583"
"L66012004204","66012","004204"
"L66862011356","66862","011356"
"L66630001706","66630","001706"
"L66659001687","66659","001687"
"L66342003544","66342","003544"
"L66579001316","66579","001316"
"L66136000299","66136","000299"
"L66012005095","66012","005095"
"L66136000295","66136","000295"
"L66861008766","66861","008766"
"L66570003800","66570","003800"
"L66495011908","66495","011908"
"L65794003001","65794","003001"
"L66664000198","66664","000198"
"L67091000612","67091","000612"
"L66886001836","66886","001836"
"L65835003869","65835","003869"
"L66255000764","66255","000764"
"L66943003179","66943","003179"
"L66943003195","66943","003195"
"L66943003192","66943","003192"
"L66659003759","66659","003759"
"L66569001290","66569","001290"
"L66463000714","66463","000714"
"L66196000591","66196","000591"
"L66496000755","66496","000755"
"L66890000438","66890","000438"
"L66901000922","66901","000922"
"L66866010326","66866","010326"
"L66341002537","66341","002537"
"L66866001926","66866","001926"
"L66943006271","66943","006271"
"L67088004739","67088","004739"
"L65883003287","65883","003287"
"L66943002233","66943","002233"
"L66850008024","66850","008024"
"L66850007914","66850","007914"
"L66720002211","66720","002211"
"L66632006405","66632","006405"
"L66862008511","66862","008511"
"L66802001474","66802","001474"
"L66632000471","66632","000471"
"L66179001343","66179","001343"
"L66258000200","66258","000200"
"L66635002926","66635","002926"
"L65967000569","65967","000569"
"L67005002008","67005","002008"
"L66889004189","66889","004189"
"L66889002226","66889","002226"
"L66570000171","66570","000171"
"L65811000667","65811","000667"
"L66659004699","66659","004699"
"L66367001426","66367","001426"
"L66201003097","66201","003097"
"L66955000279","66955","000279"
"L66274000241","66274","000241"
"L65937004593","65937","004593"
"L66639002048","66639","002048"
"L66744008015","66744","008015"
"L66744002739","66744","002739"
"L66803000321","66803","000321"
"L66981005582","66981","005582"
"L66630007757","66630","007757"
"L66630000022","66630","000022"
"L66659001155","66659","001155"
"L66862006585","66862","006585"
"L66955000248","66955","000248"
"L66254001075","66254","001075"
"L66896001219","66896","001219"
"L66461000753","66461","000753"
"L66700000507","66700","000507"
"L66943011244","66943","011244"
"L66471002971","66471","002971"
"L67240002668","67240","002668"
"L67005006228","67005","006228"
"L66772003361","66772","003361"
"L66944000927","66944","000927"
"L66535009797","66535","009797"
"L66981002053","66981","002053"
"L67005006942","67005","006942"
"L66744006085","66744","006085"
"L66290000872","66290","000872"
"L67027000020","67027","000020"
"L66223002941","66223","002941"
"L67080000045","67080","000045"
"L66866004317","66866","004317"
"l66261002698","66261","002698"
"L66343005191","66343","005191"
"L66659002116","66659","002116"
"L66862010855","66862","010855"
"L67080003036","67080","003036"
"L66258002983","66258","002983"
"L66941005663","66941","005663"
"L67084019961","67084","019961"
"L67078000373","67078","000373"
"L65714002674","65714","002674"
"L66477001840","66477","001840"
"L66570001439","66570","001439"
"L66367000937","66367","000937"
"L66257002588","66257","002588"
"L67091001989","67091","001989"
"L65794002307","65794","002307"
"L66866011169","66866","011169"
"L66862007814","66862","007814"
"L66124001970","66124","001970"
"L66632002890","66632","002890"
"L66373004055","66373","004055"
"L66721002392","66721","002392"
"L66289000064","66289","000064"
"L67056000570","67056","000570"
"L66017001451","66017","001451"
"L67078001707","67078","001707"
"L66943011718","66943","011718"
"L66264003555","66264","003555"
"L67273000257","67273","000257"
"L66264003560","66264","003560"
"L66268000513","66268","000513"
"L66196000807","66196","000807"
"L66659004640","66659","004640"
"L66886000802","66886","000802"
"L66196000808","66196","000808"
"L65794002699","65794","002699"
"L67088002704","67088","002704"
"L66886000797","66886","000797"
"L67351000174","67351","000174"
"L66196000655","66196","000655"
"L66886000789","66886","000789"
"L66886000793","66886","000793"
"L67261001613","67261","001613"
"L66099004161","66099","004161"
"L66900000581","66900","000581"
"L66100004126","66100","004126"
"L66099001084","66099","001084"
"L66862008857","66862","008857"
"L66773001251","66773","001251"
"L66722002544","66722","002544"
"L66743002724","66743","002724"
"L67088006126","67088","006126"
"L66886000794","66886","000794"
"L66850000557","66850","000557"
"L66664001325","66664","001325"
"L66472000377","66472","000377"
"L66074002011","66074","002011"
"L66331000070","66331","000070"
"L66886000790","66886","000790"
"L66886000798","66886","000798"
"L67248005710","67248","005710"
"L66659001094","66659","001094"
"L66898000023","66898","000023"
"L66009000422","66009","000422"
"L66261002243","66261","002243"
"L66665000501","66665","000501"
"L67166001639","67166","001639"
"L66259000542","66259","000542"
"L66112001245","66112","001245"
"L66722003391","66722","003391"
"L66119001747","66119","001747"
"L67261004848","67261","004848"
"L66861009727","66861","009727"
"L67088005376","67088","005376"
"L66255000197","66255","000197"
"L66944003906","66944","003906"
"L66365000055","66365","000055"
"L67088002899","67088","002899"
"L66500001397","66500","001397"
"L66721002054","66721","002054"
"L66577000936","66577","000936"
"L66704002015","66704","002015"
"L66861011873","66861","011873"
"L66777009771","66777","009771"
"L67304010819","67304","010819"
"L67178000545","67178","000545"
"L65686000403","65686","000403"
"L67057000969","67057","000969"
"l67022000275","67022","000275"
"L66805000796","66805","000796"
"L66581001027","66581","001027"
"L66861003215","66861","003215"
"L67178000413","67178","000413"
"L67248000197","67248","000197"
"L67274000016","67274","000016"
"L67055000584","67055","000584"
"L66495016715","66495","016715"
"L66488000273","66488","000273"
"L67088004162","67088","004162"
"L67080002149","67080","002149"
"L65998000601","65998","000601"
"L66808001229","66808","001229"
"L66808001239","66808","001239"
"L65766000672","65766","000672"
"L66468001990","66468","001990"
"L66866007526","66866","007526"
"L66986004071","66986","004071"
"L66204000425","66204","000425"
"L66014010514","66014","010514"
"L66808001230","66808","001230"
"L66767000276","66767","000276"
"L67080002099","67080","002099"
"L67005003496","67005","003496"
"L67078005163","67078","005163"
"L66261000279","66261","000279"
"L66889001341","66889","001341"
"L67091002366","67091","002366"
"L66986004430","66986","004430"
"L66781000653","66781","000653"
"L67202000923","67202","000923"
"L67202000907","67202","000907"
"L66515003012","66515","003012"
"L66861000467","66861","000467"
"L66474001429","66474","001429"
"L66495015360","66495","015360"
"L66861002045","66861","002045"
"L66943011628","66943","011628"
"L66523004235","66523","004235"
"L66571000045","66571","000045"
"L66722001074","66722","001074"
"L66804000435","66804","000435"
"L66343003211","66343","003211"
"L66567003146","66567","003146"
"L66943008460","66943","008460"
"L66523005248","66523","005248"
"L66570000377","66570","000377"
"L66010000433","66010","000433"
"L66523000395","66523","000395"
"L67296002229","67296","002229"
"L66894001598","66894","001598"
"L67057001577","67057","001577"
"L66628006150","66628","006150"
"L66628006120","66628","006120"
"L66628006122","66628","006122"
"L66628006134","66628","006134"
"L65998006595","65998","006595"
"L66628000226","66628","000226"
"L66943004411","66943","004411"
"L66073010208","66073","010208"
"L66777002261","66777","002261"
"L66535015934","66535","015934"
"L66777002262","66777","002262"
"L66772002900","66772","002900"
"L66461001928","66461","001928"
"L66639001742","66639","001742"
"L67030000768","67030","000768"
"L66009002260","66009","002260"
"L67090001964","67090","001964"
"L67090000171","67090","000171"
"l66866003870","66866","003870"
"L67233000635","67233","000635"
"L67091000940","67091","000940"
"L66773001185","66773","001185"
"L67354005106","67354","005106"
"L66073010087","66073","010087"
"L65875017039","65875","017039"
"L65875017038","65875","017038"
"L66664000882","66664","000882"
"L66373003353","66373","003353"
"L66496000133","66496","000133"
"L66641000335","66641","000335"
"L66264000902","66264","000902"
"L67261002243","67261","002243"
"L66199003285","66199","003285"
"L66772007222","66772","007222"
"L66228002161","66228","002161"
"L66744005891","66744","005891"
"L66850000054","66850","000054"
"L66808001522","66808","001522"
"L66981005809","66981","005809"
"L66664000952","66664","000952"
"L67296001277","67296","001277"
"L65721000386","65721","000386"
"L66980000088","66980","000088"
"L67175007415","67175","007415"
"L67088002507","67088","002507"
"L66719000397","66719","000397"
"L67261000355","67261","000355"
"L66495007415","66495","007415"
"L65998005813","65998","005813"
"L66894002920","66894","002920"
"L66199002937","66199","002937"
"L66203002979","66203","002979"
"L66567001318","66567","001318"
"L66632006839","66632","006839"
"L66861002006","66861","002006"
"L66577000205","66577","000205"
"L66866011787","66866","011787"
"L66664001457","66664","001457"
"L66256001285","66256","001285"
"L66252000378","66252","000378"
"L66563000223","66563","000223"
"L66861009919","66861","009919"
"L66084007455","66084","007455"
"L66700001640","66700","001640"
"L66077001688","66077","001688"
"L66862011211","66862","011211"
"L66664000074","66664","000074"
"L66568000964","66568","000964"
"L66981003197","66981","003197"
"L67056001706","67056","001706"
"L67080001099","67080","001099"
"L66944001333","66944","001333"
"L66944001156","66944","001156"
"L66138002907","66138","002907"
"L67175003369","67175","003369"
"L66581005385","66581","005385"
"L66861011023","66861","011023"
"L66293000090","66293","000090"
"L65896001716","65896","001716"
"L66579000182","66579","000182"
"L65896001722","65896","001722"
"L65896001729","65896","001729"
"L65896001720","65896","001720"
"L67261002078","67261","002078"
"L65896001719","65896","001719"
"L66805001110","66805","001110"
"L67261001905","67261","001905"
"L66577002822","66577","002822"
"L66805000416","66805","000416"
"L66365001622","66365","001622"
"L66862002886","66862","002886"
"L66862002951","66862","002951"
"L66635000826","66635","000826"
"L67005006189","67005","006189"
"L66581011758","66581","011758"
"L66892001981","66892","001981"
"L66892001978","66892","001978"
"L66772003780","66772","003780"
"L67220000740","67220","000740"
"L66642001200","66642","001200"
"L66889001890","66889","001890"
"L66943003101","66943","003101"
"L66261003746","66261","003746"
"L66772003267","66772","003267"
"L66500004420","66500","004420"
"L67274000928","67274","000928"
"L66943003103","66943","003103"
"L66889001901","66889","001901"
"L66943003115","66943","003115"
"L66015001392","66015","001392"
"L66861011815","66861","011815"
"L66803000251","66803","000251"
"L66628007437","66628","007437"
"L65875014720","65875","014720"
"L66495005947","66495","005947"
"L66981004010","66981","004010"
"L66772002145","66772","002145"
"L66495005963","66495","005963"
"L67175009701","67175","009701"
"L66779000598","66779","000598"
"L66495011919","66495","011919"
"L67088000832","67088","000832"
"L66578000835","66578","000835"
"L67246000808","67246","000808"
"L66943013230","66943","013230"
"L67175003338","67175","003338"
"L66099011138","66099","011138"
"L67166001885","67166","001885"
"L67220001629","67220","001629"
"L67175006171","67175","006171"
"L66896000919","66896","000919"
"L66342000554","66342","000554"
"L66979001172","66979","001172"
"L66139002314","66139","002314"
"L66139004166","66139","004166"
"L67170000254","67170","000254"
"L66861008047","66861","008047"
"L66201001148","66201","001148"
"L67331000220","67331","000220"
"L66802000865","66802","000865"
"L66121012470","66121","012470"
"L66943005909","66943","005909"
"L67178008738","67178","008738"
"L67296001272","67296","001272"
"L67296001289","67296","001289"
"L67080005160","67080","005160"
"L65794002040","65794","002040"
"L66943016774","66943","016774"
"L67331000231","67331","000231"
"L66592000777","66592","000777"
"L67246001477","67246","001477"
"L67030000400","67030","000400"
"L66889002190","66889","002190"
"L65794001800","65794","001800"
"L66889000019","66889","000019"
"L67220001010","67220","001010"
"L66804000467","66804","000467"
"L66567000178","66567","000178"
"L66632003136","66632","003136"
"L66955003564","66955","003564"
"L66515000476","66515","000476"
"L66777005510","66777","005510"
"L67219000949","67219","000949"
"L66085001215","66085","001215"
"L67273002018","67273","002018"
"L67273002006","67273","002006"
"L66901000541","66901","000541"
"L67080002959","67080","002959"
"L66495011955","66495","011955"
"L66501002066","66501","002066"
"L67273000123","67273","000123"
"L66085002801","66085","002801"
"L67057002024","67057","002024"
"L66256000833","66256","000833"
"L66808000351","66808","000351"
"L66007000969","66007","000969"
"L66850007683","66850","007683"
"L66009002831","66009","002831"
"L66805001009","66805","001009"
"L66560000569","66560","000569"
"L67248004780","67248","004780"
"L66941003248","66941","003248"
"L66703000587","66703","000587"
"L67249000118","67249","000118"
"L66632001275","66632","001275"
"L67077000556","67077","000556"
"L67351009648","67351","009648"
"L66138000610","66138","000610"
"L66121006913","66121","006913"
"L67219000866","67219","000866"
"L66259000495","66259","000495"
"L67022000102","67022","000102"
"L66722000935","66722","000935"
"L66253003477","66253","003477"
"L66638004807","66638","004807"
"L65833000228","65833","000228"
"L66980000628","66980","000628"
"L67080000900","67080","000900"
"L67261003109","67261","003109"
"L66702002698","66702","002698"
"L66497000740","66497","000740"
"L66744005114","66744","005114"
"L66367001545","66367","001545"
"L67021000050","67021","000050"
"L66743000799","66743","000799"
"L66461000040","66461","000040"
"L67261006468","67261","006468"
"L66373006863","66373","006863"
"L66943002636","66943","002636"
"L67203001487","67203","001487"
"L66943006033","66943","006033"
"L66772001431","66772","001431"
"L67296002449","67296","002449"
"L67175002122","67175","002122"
"L66099005781","66099","005781"
"L66941000948","66941","000948"
"L66329001797","66329","001797"
"L67166001626","67166","001626"
"L67351005432","67351","005432"
"L67349005852","67349","005852"
"L67355001848","67355","001848"
"L66341001418","66341","001418"
"L66329001089","66329","001089"
"l66801001468","66801","001468"
"l66223002033","66223","002033"
"l66223002042","66223","002042"
"L67261003561","67261","003561"
"L66462000351","66462","000351"
"L66803002414","66803","002414"
"L66702002497","66702","002497"
"L67249000713","67249","000713"
"L66861011508","66861","011508"
"L66866005832","66866","005832"
"l66570000091","66570","000091"
"L65883001171","65883","001171"
"L66136001520","66136","001520"
"L66808001858","66808","001858"
"L66461001319","66461","001319"
"L67027001005","67027","001005"
"L66981007590","66981","007590"
"L66944002754","66944","002754"
"L66294000831","66294","000831"
"L66581010298","66581","010298"
"L66805000726","66805","000726"
"L66495018698","66495","018698"
"L67146000559","67146","000559"
"L66808000113","66808","000113"
"L65769002676","65769","002676"
"L66955001702","66955","001702"
"L67246000920","67246","000920"
"L67027000565","67027","000565"
"L67220001162","67220","001162"
"L67261006272","67261","006272"
"L66581002890","66581","002890"
"L67246001200","67246","001200"
"L66515004865","66515","004865"
"L67027000751","67027","000751"
"L66892001280","66892","001280"
"L66632006149","66632","006149"
"L66632006133","66632","006133"
"L66468001067","66468","001067"
"L67351011840","67351","011840"
"L67166001624","67166","001624"
"L67055001233","67055","001233"
"L67298004894","67298","004894"
"L66569000465","66569","000465"
"L67021002608","67021","002608"
"L66944000385","66944","000385"
"L66944000392","66944","000392"
"L66366004579","66366","004579"
"L67297003153","67297","003153"
"L66892002502","66892","002502"
"L66720003359","66720","003359"
"L67302000357","67302","000357"
"L66571000847","66571","000847"
"L67351012449","67351","012449"
"L66664001007","66664","001007"
"L66943004483","66943","004483"
"L66121002078","66121","002078"
"L65965006058","65965","006058"
"L67166002029","67166","002029"
"L66744001107","66744","001107"
"L67088005605","67088","005605"
"L67248005567","67248","005567"
"L66495010905","66495","010905"
"l67351015893","67351","015893"
"L66008000709","66008","000709"
"L66488004941","66488","004941"
"L66986000465","66986","000465"
"L67245000066","67245","000066"
"L66229006705","66229","006705"
"L65794000857","65794","000857"
"L66901000831","66901","000831"
"L66097001264","66097","001264"
"L66986000579","66986","000579"
"L66943011694","66943","011694"
"L67245000438","67245","000438"
"L67021003716","67021","003716"
"L66121005827","66121","005827"
"L66121005828","66121","005828"
"L67298000970","67298","000970"
"L65794000791","65794","000791"
"L66803002604","66803","002604"
"L67248004945","67248","004945"
"L66630005927","66630","005927"
"L67175009918","67175","009918"
"L66866006904","66866","006904"
"L66581010961","66581","010961"
"L66850002686","66850","002686"
"L66850006262","66850","006262"
"L66014010506","66014","010506"
"L67246000961","67246","000961"
"L66979001044","66979","001044"
"L66665000116","66665","000116"
"L66567000625","66567","000625"
"L65772004492","65772","004492"
"L66475000247","66475","000247"
"L67178003847","67178","003847"
"L65883001174","65883","001174"
"L67297003811","67297","003811"
"L67215001389","67215","001389"
"L66802001456","66802","001456"
"L66802001460","66802","001460"
"L67084019932","67084","019932"
"L66373005783","66373","005783"
"L67354002075","67354","002075"
"L66896000737","66896","000737"
"L66896002852","66896","002852"
"L67261005035","67261","005035"
"L67080003122","67080","003122"
"L66474000017","66474","000017"
"L66943004730","66943","004730"
"L67261003403","67261","003403"
"L66955003939","66955","003939"
"L66943018489","66943","018489"
"L66515001461","66515","001461"
"L66630000133","66630","000133"
"L67166001613","67166","001613"
"L66664002599","66664","002599"
"L66534004308","66534","004308"
"L67016001354","67016","001354"
"L66892003061","66892","003061"
"L66581006589","66581","006589"
"L67261006302","67261","006302"
"L66461001340","66461","001340"
"L66981006698","66981","006698"
"L66866011817","66866","011817"
"L66981000071","66981","000071"
"L66719000402","66719","000402"
"L66866011830","66866","011830"
"L66501000043","66501","000043"
"L66866011829","66866","011829"
"L66981003971","66981","003971"
"L66886001539","66886","001539"
"L67178006553","67178","006553"
"L66981006693","66981","006693"
"L66979000950","66979","000950"
"L66495008716","66495","008716"
"L66367000647","66367","000647"
"L66258004207","66258","004207"
"L66074000218","66074","000218"
"L65911000882","65911","000882"
"L67080002558","67080","002558"
"L67091001180","67091","001180"
"L67248001194","67248","001194"
"L67351009424","67351","009424"
"L67351008114","67351","008114"
"L67091002781","67091","002781"
"L67178005381","67178","005381"
"L67080003708","67080","003708"
"L66866002557","66866","002557"
"L67178005296","67178","005296"
"L67233006816","67233","006816"
"L67355000730","67355","000730"
"L66719000170","66719","000170"
"L67354004704","67354","004704"
"L66488000793","66488","000793"
"L67175014871","67175","014871"
"L67175014864","67175","014864"
"L66488000807","66488","000807"
"L67354005124","67354","005124"
"L67233006833","67233","006833"
"L66767001085","66767","001085"
"L66702003350","66702","003350"
"L66981004005","66981","004005"
"L67005006557","67005","006557"
"L67297001186","67297","001186"
"L67080005486","67080","005486"
"L66981002578","66981","002578"
"L67500001988","67500","001988"
"L66902001001","66902","001001"
"L67233003176","67233","003176"
"L67351008938","67351","008938"
"L66199001128","66199","001128"
"L66896003585","66896","003585"
"L66199001134","66199","001134"
"L67261002776","67261","002776"
"L67296001443","67296","001443"
"L66399001578","66399","001578"
"L67491000502","67491","000502"
"L66886001542","66886","001542"
"L67080001401","67080","001401"
"L66866007988","66866","007988"
"L67078000963","67078","000963"
"L66861007859","66861","007859"
"L67274000604","67274","000604"
"L66944001148","66944","001148"
"L66986004205","66986","004205"
"L67429003853","67429","003853"
"L67233006555","67233","006555"
"L67080000504","67080","000504"
"L66979000181","66979","000181"
"L66889002386","66889","002386"
"L66866010951","66866","010951"
"L66664001162","66664","001162"
"L66463001043","66463","001043"
"L67021003348","67021","003348"
"L67298004185","67298","004185"
"L67298004183","67298","004183"
"L66229008324","66229","008324"
"L66084003398","66084","003398"
"L66331000353","66331","000353"
"L66566002214","66566","002214"
"L66980000722","66980","000722"
"L67203001519","67203","001519"
"L67462003004","67462","003004"
"L66898001250","66898","001250"
"L66981005765","66981","005765"
"L67005001617","67005","001617"
"L67078004499","67078","004499"
"L67273001676","67273","001676"
"L66581002204","66581","002204"
"L67261000613","67261","000613"
"L66011001234","66011","001234"
"L67056000391","67056","000391"
"L66592001017","66592","001017"
"L67351012388","67351","012388"
"L67274001708","67274","001708"
"L67056000273","67056","000273"
"L67022000408","67022","000408"
"L66515004383","66515","004383"
"L67246001644","67246","001644"
"L66293000997","66293","000997"
"L66500000717","66500","000717"
"L66778000669","66778","000669"
"L65707001999","65707","001999"
"L66261003562","66261","003562"
"L67351013370","67351","013370"
"L66802002642","66802","002642"
"L67486000750","67486","000750"
"L67021002734","67021","002734"
"L66121014476","66121","014476"
"L67351000173","67351","000173"
"L66628003039","66628","003039"
"L66119001815","66119","001815"
"L66373005731","66373","005731"
"L67249001418","67249","001418"
"L67175012294","67175","012294"
"L67417006396","67417","006396"
"L67166000247","67166","000247"
"L67492001806","67492","001806"
"L67078003193","67078","003193"
"L66196002097","66196","002097"
"L66986004689","66986","004689"
"L66495015985","66495","015985"
"L66399000028","66399","000028"
"L67354004044","67354","004044"
"L66943006791","66943","006791"
"L67233008172","67233","008172"
"L66743003818","66743","003818"
"L66259003656","66259","003656"
"L67261002753","67261","002753"
"L66578000173","66578","000173"
"L67005005282","67005","005282"
"L66722003301","66722","003301"
"L67220000893","67220","000893"
"L67175010672","67175","010672"
"L67246000626","67246","000626"
"L67005006137","67005","006137"
"L67005006141","67005","006141"
"L66229009117","66229","009117"
"l66084003340","66084","003340"
"L65835005893","65835","005893"
"L66986004176","66986","004176"
"L66664002353","66664","002353"
"L67296002123","67296","002123"
"L66986000535","66986","000535"
"L66941004903","66941","004903"
"L66371001499","66371","001499"
"L67492000643","67492","000643"
"L66896001877","66896","001877"
"L67355000728","67355","000728"
"L66269000497","66269","000497"
"L66894003854","66894","003854"
"L66331000356","66331","000356"
"L66941004970","66941","004970"
"L67351005222","67351","005222"
"L67296003979","67296","003979"
"L67132001069","67132","001069"
"L66777005673","66777","005673"
"L66955000389","66955","000389"
"L67331000558","67331","000558"
"L67350000782","67350","000782"
"L66260000110","66260","000110"
"L65707000662","65707","000662"
"L66986004213","66986","004213"
"L66523005046","66523","005046"
"L66119002121","66119","002121"
"L66861011581","66861","011581"
"L66941003061","66941","003061"
"L66659002272","66659","002272"
"L66461002608","66461","002608"
"L67349006056","67349","006056"
"L66533003638","66533","003638"
"L67462003312","67462","003312"
"L67080001164","67080","001164"
"L67078003224","67078","003224"
"L66986000359","66986","000359"
"L67496003983","67496","003983"
"L66399001342","66399","001342"
"L67088005381","67088","005381"
"L66009001902","66009","001902"
"L67261000173","67261","000173"
"L66955002730","66955","002730"
"L67233001372","67233","001372"
"L67221000833","67221","000833"
"L67178004969","67178","004969"
"L67426005036","67426","005036"
"L66941003415","66941","003415"
"L66896001857","66896","001857"
"L67429000369","67429","000369"
"L67261001259","67261","001259"
"L67078002297","67078","002297"
"L67495004745","67495","004745"
"L66534002541","66534","002541"
"L67463001111","67463","001111"
"L67178010493","67178","010493"
"L66894006590","66894","006590"
"L66138006959","66138","006959"
"L65767009611","65767","009611"
"L65777000412","65777","000412"
"L66889003511","66889","003511"
"L66772004829","66772","004829"
"L66488003874","66488","003874"
"L66257001543","66257","001543"
"L66866008676","66866","008676"
"L67486001374","67486","001374"
"L67178003033","67178","003033"
"L66638002683","66638","002683"
"L66630002513","66630","002513"
"L67005006097","67005","006097"
"L67178002374","67178","002374"
"L67021003476","67021","003476"
"L67178005831","67178","005831"
"L67417006782","67417","006782"
"L67166000555","67166","000555"
"L67492002912","67492","002912"
"L66461002083","66461","002083"
"L66892000165","66892","000165"
"L66367001695","66367","001695"
"L66944002662","66944","002662"
"L66630000121","66630","000121"
"L67492002214","67492","002214"
"L66986002056","66986","002056"
"L67500000861","67500","000861"
"L66563000186","66563","000186"
"L66664001441","66664","001441"
"L66274000909","66274","000909"
"L66779000471","66779","000471"
"L66638004921","66638","004921"
"L66955001887","66955","001887"
"L67178005697","67178","005697"
"L67429000539","67429","000539"
"L67427000427","67427","000427"
"L66943005635","66943","005635"
"L66398001090","66398","001090"
"L66365005870","66365","005870"
"L66636001618","66636","001618"
"L65812001039","65812","001039"
"L66179000431","66179","000431"
"L66892002979","66892","002979"
"L67056001100","67056","001100"
"L67348004141","67348","004141"
"L66979000593","66979","000593"
"L67273001122","67273","001122"
"L67175009571","67175","009571"
"L67429003265","67429","003265"
"L66808002187","66808","002187"
"L66477001567","66477","001567"
"L67417006600","67417","006600"
"L66941002818","66941","002818"
"L67080000938","67080","000938"
"L66227005602","66227","005602"
"L66642000102","66642","000102"
"L66470000119","66470","000119"
"L67492000970","67492","000970"
"L67246001382","67246","001382"
"L66470000113","66470","000113"
"L66808000979","66808","000979"
"L67058000486","67058","000486"
"L66806000239","66806","000239"
"L66862001315","66862","001315"
"L66559000415","66559","000415"
"l67168008818","67168","008818"
"L66889001899","66889","001899"
"L66941006202","66941","006202"
"L66861007534","66861","007534"
"L66534000979","66534","000979"
"L66943013758","66943","013758"
"L66636000484","66636","000484"
"L67463001477","67463","001477"
"L67490001676","67490","001676"
"L66100000475","66100","000475"
"L66943018751","66943","018751"
"L67178004292","67178","004292"
"L66701001036","66701","001036"
"L66805000480","66805","000480"
"l67298002875","67298","002875"
"L67491000551","67491","000551"
"L66251000593","66251","000593"
"L67491000538","67491","000538"
"L67016002039","67016","002039"
"L67221000039","67221","000039"
"L67240002324","67240","002324"
"L66012000958","66012","000958"
"L67245002006","67245","002006"
"L67273001596","67273","001596"
"L67240000016","67240","000016"
"L67240000013","67240","000013"
"L67273001600","67273","001600"
"L67016000024","67016","000024"
"L67351003351","67351","003351"
"L67499000497","67499","000497"
"L66861011217","66861","011217"
"L66850005068","66850","005068"
"L66850005075","66850","005075"
"L66850005084","66850","005084"
"L66767000608","66767","000608"
"L66850005067","66850","005067"
"L66850005063","66850","005063"
"L67261004195","67261","004195"
"L66642000830","66642","000830"
"L67058000598","67058","000598"
"L67297000875","67297","000875"
"L66228000046","66228","000046"
"L67220000781","67220","000781"
"L67016000782","67016","000782"
"L67486001311","67486","001311"
"L67429001534","67429","001534"
"L67296003118","67296","003118"
"L66469000458","66469","000458"
"L66866009753","66866","009753"
"L67178002886","67178","002886"
"L67132000259","67132","000259"
"L67426002414","67426","002414"
"L67496003418","67496","003418"
"L66889000252","66889","000252"
"L67175009000","67175","009000"
"l67178006584","67178","006584"
"L66979000098","66979","000098"
"L66806001218","66806","001218"
"L66777008481","66777","008481"
"L67077002118","67077","002118"
"L67351005257","67351","005257"
"L67485000443","67485","000443"
"L66568000686","66568","000686"
"L65769005707","65769","005707"
"L66488005835","66488","005835"
"L67485000608","67485","000608"
"L67426001563","67426","001563"
"L67485000435","67485","000435"
"l67170009221","67170","009221"
"L66341001754","66341","001754"
"L66638000559","66638","000559"
"L67078001878","67078","001878"
"L67298000075","67298","000075"
"L66515002408","66515","002408"
"L67240000233","67240","000233"
"L67240000220","67240","000220"
"L67261002240","67261","002240"
"L67240000225","67240","000225"
"L66475000927","66475","000927"
"L66886000084","66886","000084"
"L67296003965","67296","003965"
"L67486000484","67486","000484"
"L66664001294","66664","001294"
"L66803000456","66803","000456"
"L66943013210","66943","013210"
"L67298002005","67298","002005"
"L67248000408","67248","000408"
"L66659003490","66659","003490"
"L66010001583","66010","001583"
"L67428000272","67428","000272"
"L67021002840","67021","002840"
"L66399001232","66399","001232"
"L66894002069","66894","002069"
"L66630002230","66630","002230"
"L66861004223","66861","004223"
"L67219000773","67219","000773"
"L67428000788","67428","000788"
"L67469000734","67469","000734"
"L67246000800","67246","000800"
"L66981006689","66981","006689"
"L67175017214","67175","017214"
"L67261000508","67261","000508"
"L67233009000","67233","009000"
"L66495019538","66495","019538"
"L66461000548","66461","000548"
"L67233000386","67233","000386"
"L67274002736","67274","002736"
"L67463000848","67463","000848"
"L66866000221","66866","000221"
"L66861007065","66861","007065"
"L66861007387","66861","007387"
"L66866000225","66866","000225"
"L66943004574","66943","004574"
"L66979000233","66979","000233"
"L66943003715","66943","003715"
"L67021000710","67021","000710"
"L67245001614","67245","001614"
"L67274000897","67274","000897"
"L67245001613","67245","001613"
"L67056000948","67056","000948"
"L66892000977","66892","000977"
"L67245001629","67245","001629"
"L67426003535","67426","003535"
"L67245001619","67245","001619"
"L67245001620","67245","001620"
"L67166001769","67166","001769"
"L66862002899","66862","002899"
"L67240000935","67240","000935"
"L66253002253","66253","002253"
"L67166000649","67166","000649"
"L66664001450","66664","001450"
"L67132001308","67132","001308"
"L67485001151","67485","001151"
"L67233002749","67233","002749"
"L66980000751","66980","000751"
"L66861003857","66861","003857"
"L67078002112","67078","002112"
"L67417006705","67417","006705"
"L66981002352","66981","002352"
"L66702002135","66702","002135"
"L66894001454","66894","001454"
"L67492001801","67492","001801"
"L67417000858","67417","000858"
"L66469001779","66469","001779"
"L67296002690","67296","002690"
"L67351004113","67351","004113"
"L66636002136","66636","002136"
"L66866000865","66866","000865"
"L67296002692","67296","002692"
"L67080001710","67080","001710"
"L67245001682","67245","001682"
"L67495007955","67495","007955"
"L67261000816","67261","000816"
"L67351012163","67351","012163"
"L66722000630","66722","000630"
"L67298002687","67298","002687"
"L67485002249","67485","002249"
"L67077001487","67077","001487"
"L67462001755","67462","001755"
"L67351002519","67351","002519"
"l67016001062","67016","001062"
"L67462002512","67462","002512"
"L67462003663","67462","003663"
"L67170005026","67170","005026"
"L67351014231","67351","014231"
"L67397013556","67397","013556"
"L67496002957","67496","002957"
"L67220001666","67220","001666"
"L67524008629","67524","008629"
"L67526008541","67526","008541"
"L67427000310","67427","000310"
"L67464005015","67464","005015"
"L67485000713","67485","000713"
"L66401002142","66401","002142"
"L65998002444","65998","002444"
"L66850002303","66850","002303"
"L67485000125","67485","000125"
"L67485000124","67485","000124"
"L67417002526","67417","002526"
"L67606003419","67606","003419"
"L67417002509","67417","002509"
"L67417002525","67417","002525"
"L67485000113","67485","000113"
"L67417002514","67417","002514"
"L67417002519","67417","002519"
"L66941005937","66941","005937"
"L67417002523","67417","002523"
"L67417002522","67417","002522"
"L67417002512","67417","002512"
"L67417002517","67417","002517"
"L67417002521","67417","002521"
"L67240001689","67240","001689"
"L67355001248","67355","001248"
"L67524000154","67524","000154"
"L67274000888","67274","000888"
"L67641018454","67641","018454"
"L67349000519","67349","000519"
"L66488003749","66488","003749"
"L67418003100","67418","003100"
"L67418003088","67418","003088"
"L67606002348","67606","002348"
"L66659000026","66659","000026"
"L67296001266","67296","001266"
"L67027001133","67027","001133"
"L66861005565","66861","005565"
"L67170009004","67170","009004"
"L67500003400","67500","003400"
"L67170005271","67170","005271"
"L67462003363","67462","003363"
"L67178001339","67178","001339"
"L66866004442","66866","004442"
"L67533001075","67533","001075"
"L66568000261","66568","000261"
"L67532001640","67532","001640"
"L66289001782","66289","001782"
"L66866011726","66866","011726"
"L67360000783","67360","000783"
"L67577014213","67577","014213"
"L67203001833","67203","001833"
"L67690003765","67690","003765"
"L67690003753","67690","003753"
"L67690003764","67690","003764"
"L67429003478","67429","003478"
"L66943002056","66943","002056"
"L66581005386","66581","005386"
"L67245000987","67245","000987"
"L67005002460","67005","002460"
"L67005002455","67005","002455"
"L66371001277","66371","001277"
"L66124002086","66124","002086"
"L66894002093","66894","002093"
"L67005006489","67005","006489"
"L66896000514","66896","000514"
"L67531000296","67531","000296"
"L67055000993","67055","000993"
"L67468000282","67468","000282"
"L67468000781","67468","000781"
"L67273001562","67273","001562"
"L67170010861","67170","010861"
"L67021003233","67021","003233"
"L67493000515","67493","000515"
"L67178010311","67178","010311"
"l66902000184","66902","000184"
"l66561000116","66561","000116"
"l66564001015","66564","001015"
"l67469000464","67469","000464"
"l67614000487","67614","000487"
"l67250000729","67250","000729"
"l67250000717","67250","000717"
"L67464000506","67464","000506"
"L67166001043","67166","001043"
"L67261005409","67261","005409"
"L67296002960","67296","002960"
"L67215000241","67215","000241"
"L66581006531","66581","006531"
"L67351011102","67351","011102"
"L67354004256","67354","004256"
"L66196002132","66196","002132"
"L67485001365","67485","001365"
"L67580003994","67580","003994"
"L67580003995","67580","003995"
"L67495004826","67495","004826"
"L67581000260","67581","000260"
"L67233001093","67233","001093"
"L67491000579","67491","000579"
"L66535013302","66535","013302"
"L67146000802","67146","000802"
"L67496003763","67496","003763"
"L67274001331","67274","001331"
"L66861008404","66861","008404"
"L66866000878","66866","000878"
"L67240001747","67240","001747"
"L67240001758","67240","001758"
"L67240001746","67240","001746"
"L66700001988","66700","001988"
"L67016001070","67016","001070"
"L67493000234","67493","000234"
"L66743001152","66743","001152"
"L67486000840","67486","000840"
"L67607000746","67607","000746"
"L67640009137","67640","009137"
"L67170002645","67170","002645"
"L67091002876","67091","002876"
"L66268001648","66268","001648"
"L66659004321","66659","004321"
"L67219000436","67219","000436"
"L67486001706","67486","001706"
"L67519001006","67519","001006"
"L67351017556","67351","017556"
"L67351017539","67351","017539"
"L66943005733","66943","005733"
"l66941002671","66941","002671"
"L67058000176","67058","000176"
"L66139003850","66139","003850"
"L66591001328","66591","001328"
"L65937006859","65937","006859"
"L67426004790","67426","004790"
"L67485002041","67485","002041"
"L67261000055","67261","000055"
"L67462000461","67462","000461"
"L66702003678","66702","003678"
"L67462000463","67462","000463"
"l66628005541","66628","005541"
"L66986005203","66986","005203"
"L66659003914","66659","003914"
"L66808001242","66808","001242"
"L66902000714","66902","000714"
"L67261004911","67261","004911"
"L67426004588","67426","004588"
"L67495000384","67495","000384"
"L67203001819","67203","001819"
"L66496001000","66496","001000"
"L67466000843","67466","000843"
"L67215001039","67215","001039"
"L67302001733","67302","001733"
"L66408000324","66408","000324"
"l66204000949","66204","000949"
"l67355002733","67355","002733"
"L67426003557","67426","003557"
"L67526007273","67526","007273"
"L66941003870","66941","003870"
"L66659003088","66659","003088"
"L67519000964","67519","000964"
"L67645002595","67645","002595"
"L67530002750","67530","002750"
"L67463001169","67463","001169"
"L66722003304","66722","003304"
"L66495008845","66495","008845"
"L66535010059","66535","010059"
"L66535015914","66535","015914"
"L67609000975","67609","000975"
"L66592001065","66592","001065"
"L67261005086","67261","005086"
"L67495000372","67495","000372"
"L67055002060","67055","002060"
"L67055001066","67055","001066"
"L67533000139","67533","000139"
"L67005001933","67005","001933"
"L66862010680","66862","010680"
"L67486001193","67486","001193"
"L66896000805","66896","000805"
"L67355000537","67355","000537"
"L67355002459","67355","002459"
"L66894001403","66894","001403"
"L66635000790","66635","000790"
"L67628000442","67628","000442"
"L67485002346","67485","002346"
"L67485004513","67485","004513"
"L67298001301","67298","001301"
"L66659000926","66659","000926"
"L67645003785","67645","003785"
"L67016000852","67016","000852"
"L66886000684","66886","000684"
"L66495000995","66495","000995"
"L67355001472","67355","001472"
"L65795001508","65795","001508"
"L67607001738","67607","001738"
"L67240002545","67240","002545"
"L67240002541","67240","002541"
"L67486000633","67486","000633"
"L67486000632","67486","000632"
"L67486000625","67486","000625"
"L65795001495","65795","001495"
"L66850007173","66850","007173"
"L66850006285","66850","006285"
"L66659001631","66659","001631"
"L66850007177","66850","007177"
"L66850007168","66850","007168"
"L66659001615","66659","001615"
"L66850007156","66850","007156"
"L66659001627","66659","001627"
"L66850007160","66850","007160"
"L66850007166","66850","007166"
"L66850007165","66850","007165"
"L66850007169","66850","007169"
"L65717001055","65717","001055"
"L66850007172","66850","007172"
"L66850007182","66850","007182"
"L66850007161","66850","007161"
"L67355001511","67355","001511"
"L66850007167","66850","007167"
"L66331000821","66331","000821"
"L66139002223","66139","002223"
"L66136000096","66136","000096"
"L66136000100","66136","000100"
"L66331000816","66331","000816"
"L66139000889","66139","000889"
"L66139000895","66139","000895"
"L66331000812","66331","000812"
"L67486001669","67486","001669"
"L66136000099","66136","000099"
"L66331000808","66331","000808"
"L65795001496","65795","001496"
"L65795001501","65795","001501"
"L67641010552","67641","010552"
"L65795001505","65795","001505"
"L67146001434","67146","001434"
"L67485000425","67485","000425"
"L67485000428","67485","000428"
"L67485000400","67485","000400"
"L66944002436","66944","002436"
"L67355000717","67355","000717"
"L67573001257","67573","001257"
"L66641000138","66641","000138"
"L66979000344","66979","000344"
"L66461002302","66461","002302"
"L66461002305","66461","002305"
"L66007002018","66007","002018"
"L66461002306","66461","002306"
"l67166001629","67166","001629"
"L66461002310","66461","002310"
"L66566000563","66566","000563"
"L67418003963","67418","003963"
"L67261004608","67261","004608"
"L67178006656","67178","006656"
"L67261004590","67261","004590"
"L66569001562","66569","001562"
"L67526002221","67526","002221"
"L67248003163","67248","003163"
"L67641010734","67641","010734"
"L67005003586","67005","003586"
"L67462003008","67462","003008"
"L67360001366","67360","001366"
"L67132001253","67132","001253"
"L67240000232","67240","000232"
"L67486000598","67486","000598"
"L67021002739","67021","002739"
"L67240000228","67240","000228"
"L67486000471","67486","000471"
"L67492002309","67492","002309"
"L67495006283","67495","006283"
"L67495006282","67495","006282"
"L67690003455","67690","003455"
"L67526005313","67526","005313"
"L67417003344","67417","003344"
"L67351015364","67351","015364"
"L67261003288","67261","003288"
"L67520001558","67520","001558"
"L66896001029","66896","001029"
"L67274000602","67274","000602"
"L66702000663","66702","000663"
"L67690001887","67690","001887"
"L67690001879","67690","001879"
"L67261000098","67261","000098"
"L67690001888","67690","001888"
"L66941003468","66941","003468"
"L66805000199","66805","000199"
"L67612000323","67612","000323"
"L67462000450","67462","000450"
"L66850005451","66850","005451"
"L67298001194","67298","001194"
"L66329000452","66329","000452"
"L67429001736","67429","001736"
"L67577015181","67577","015181"
"L67178005172","67178","005172"
"L67607001968","67607","001968"
"L66501000260","66501","000260"
"L66523002118","66523","002118"
"L67220001213","67220","001213"
"L66862012141","66862","012141"
"L67030000493","67030","000493"
"L66894005208","66894","005208"
"L66944003265","66944","003265"
"L67533001026","67533","001026"
"L67640007240","67640","007240"
"L67091001445","67091","001445"
"L66635002842","66635","002842"
"L67261002147","67261","002147"
"L67261002154","67261","002154"
"L67261002160","67261","002160"
"L67261002164","67261","002164"
"L67088003317","67088","003317"
"L67573001392","67573","001392"
"L67354000687","67354","000687"
"L67274002657","67274","002657"
"L67640010252","67640","010252"
"L67233008344","67233","008344"
"L67608002286","67608","002286"
"L67639004715","67639","004715"
"L66371002016","66371","002016"
"L66571000248","66571","000248"
"L66743003398","66743","003398"
"L67485002853","67485","002853"
"L67351015205","67351","015205"
"L67248004852","67248","004852"
"L67641009929","67641","009929"
"L67641009931","67641","009931"
"L66866008363","66866","008363"
"L66488006118","66488","006118"
"L67645002477","67645","002477"
"L67496003821","67496","003821"
"L67486000597","67486","000597"
"L67525002930","67525","002930"
"L67486000600","67486","000600"
"L67486000605","67486","000605"
"L67486000478","67486","000478"
"L67486000791","67486","000791"
"L67519001171","67519","001171"
"L67492003115","67492","003115"
"L67166001308","67166","001308"
"L66896000353","66896","000353"
"L67492000987","67492","000987"
"L67533001438","67533","001438"
"L67351017751","67351","017751"
"L67296002471","67296","002471"
"L66630006865","66630","006865"
"L66889001742","66889","001742"
"L66224007096","66224","007096"
"L67577017031","67577","017031"
"L66628007468","66628","007468"
"L67296003984","67296","003984"
"L67417000144","67417","000144"
"L67178005574","67178","005574"
"L66767000873","66767","000873"
"L67175010245","67175","010245"
"L66777009081","66777","009081"
"L67417003575","67417","003575"
"L67468000349","67468","000349"
"L67351018227","67351","018227"
"L66808000924","66808","000924"
"L67641015983","67641","015983"
"L67573000638","67573","000638"
"L67175015874","67175","015874"
"L67640007507","67640","007507"
"L67178000356","67178","000356"
"L67492001515","67492","001515"
"L66803001296","66803","001296"
"L67500004012","67500","004012"
"L67088005109","67088","005109"
"L66866010581","66866","010581"
"L67519000583","67519","000583"
"L67429001860","67429","001860"
"L67170000447","67170","000447"
"L67418000297","67418","000297"
"L66566001854","66566","001854"
"L67351016296","67351","016296"
"L67091001645","67091","001645"
"L67485001346","67485","001346"
"L67261002468","67261","002468"
"L67525002944","67525","002944"
"L67519000961","67519","000961"
"L66642000359","66642","000359"
"L67417004499","67417","004499"
"L67301000163","67301","000163"
"L66564000382","66564","000382"
"L67233009477","67233","009477"
"L67429000319","67429","000319"
"L67417006536","67417","006536"
"L67261000043","67261","000043"
"L66257005758","66257","005758"
"L66628004967","66628","004967"
"L67500004079","67500","004079"
"L66702002653","66702","002653"
"L67426000552","67426","000552"
"L67577007065","67577","007065"
"L67645001799","67645","001799"
"L67519001787","67519","001787"
"L67462002629","67462","002629"
"L66274000181","66274","000181"
"L67016000779","67016","000779"
"L67418003015","67418","003015"
"L67080005854","67080","005854"
"L67606001833","67606","001833"
"L66894005169","66894","005169"
"L67533001442","67533","001442"
"L66894002231","66894","002231"
"L67606001827","67606","001827"
"L67606001291","67606","001291"
"L66892002900","66892","002900"
"L66119000158","66119","000158"
"L67690000319","67690","000319"
"L67690000311","67690","000311"
"L66772005251","66772","005251"
"L67462001869","67462","001869"
"L67490001655","67490","001655"
"L67351018093","67351","018093"
"L66943008811","66943","008811"
"L67531000109","67531","000109"
"L67531000108","67531","000108"
"L66293001057","66293","001057"
"L67429000906","67429","000906"
"L67495002289","67495","002289"
"L66850001246","66850","001246"
"L66850004607","66850","004607"
"L67581001053","67581","001053"
"L66850004764","66850","004764"
"L67418000372","67418","000372"
"L67418000369","67418","000369"
"L67077001503","67077","001503"
"L66253000232","66253","000232"
"L67690004542","67690","004542"
"L67248005242","67248","005242"
"L66474000615","66474","000615"
"L67531000718","67531","000718"
"L67499000916","67499","000916"
"L67355003184","67355","003184"
"L67355002767","67355","002767"
"L67170002391","67170","002391"
"L67464003278","67464","003278"
"L67464001163","67464","001163"
"L67331000283","67331","000283"
"L67355000308","67355","000308"
"L67240002745","67240","002745"
"L67645012012","67645","012012"
"L66944002088","66944","002088"
"L67485004314","67485","004314"
"L66571002028","66571","002028"
"L66886001893","66886","001893"
"L66777000166","66777","000166"
"L66744007877","66744","007877"
"L66495002669","66495","002669"
"L67486000384","67486","000384"
"L66941003732","66941","003732"
"L67417006208","67417","006208"
"L66341001975","66341","001975"
"L66866011380","66866","011380"
"L67519000972","67519","000972"
"L66850005159","66850","005159"
"L66265000705","66265","000705"
"L66896001860","66896","001860"
"L66850005152","66850","005152"
"L66986001962","66986","001962"
"L67486000743","67486","000743"
"L67573000932","67573","000932"
"L66808001713","66808","001713"
"L66562001034","66562","001034"
"L67248004576","67248","004576"
"L67606001435","67606","001435"
"L67526010118","67526","010118"
"L67530001328","67530","001328"
"L66808000590","66808","000590"
"L67246000269","67246","000269"
"L67302000468","67302","000468"
"L67166001019","67166","001019"
"L66664000128","66664","000128"
"L67573002037","67573","002037"
"L67132000240","67132","000240"
"L67233000427","67233","000427"
"L67078001007","67078","001007"
"L66365007630","66365","007630"
"L67203001651","67203","001651"
"L67203001653","67203","001653"
"L67577005105","67577","005105"
"L65791000572","65791","000572"
"L67526009480","67526","009480"
"L67016002033","67016","002033"
"L67492000230","67492","000230"
"L67499002524","67499","002524"
"L66665000569","66665","000569"
"L67520001333","67520","001333"
"L67429000405","67429","000405"
"L67427000512","67427","000512"
"L67090001971","67090","001971"
"L67298001683","67298","001683"
"L67645001315","67645","001315"
"L67641015174","67641","015174"
"L67021000425","67021","000425"
"L66266000287","66266","000287"
"L66577000900","66577","000900"
"L67609000632","67609","000632"
"L65812001017","65812","001017"
"L67531000898","67531","000898"
"L67573001211","67573","001211"
"L67519001272","67519","001272"
"L67178005229","67178","005229"
"L66461001532","66461","001532"
"L66979000189","66979","000189"
"L67219001376","67219","001376"
"L67219001380","67219","001380"
"L67219001392","67219","001392"
"L67492002908","67492","002908"
"L67491000046","67491","000046"
"L67167000096","67167","000096"
"L67462001377","67462","001377"
"L66366003680","66366","003680"
"L67355003854","67355","003854"
"L67355000556","67355","000556"
"L67426004824","67426","004824"
"L67519001273","67519","001273"
"L66779000695","66779","000695"
"L67080004507","67080","004507"
"L67577003327","67577","003327"
"L67219001351","67219","001351"
"L67526011298","67526","011298"
"L67166000053","67166","000053"
"L67178002867","67178","002867"
"l67170008376","67170","008376"
"L67496003560","67496","003560"
"L67526010137","67526","010137"
"L66889000631","66889","000631"
"L66569001788","66569","001788"
"L66901001591","66901","001591"
"L65833001158","65833","001158"
"L66901001580","66901","001580"
"L66203000694","66203","000694"
"L65735002291","65735","002291"
"L67533001718","67533","001718"
"L66902000929","66902","000929"
"L66902000925","66902","000925"
"L66638000832","66638","000832"
"L66861001747","66861","001747"
"L67639006385","67639","006385"
"L67351004533","67351","004533"
"L66196001255","66196","001255"
"L66701001618","66701","001618"
"L67170002578","67170","002578"
"L67526009860","67526","009860"
"L67463001961","67463","001961"
"L67080005793","67080","005793"
"L67628001178","67628","001178"
"L67640011853","67640","011853"
"l67240002869","67240","002869"
"L66124000622","66124","000622"
"L65803000280","65803","000280"
"L67500001671","67500","001671"
"L67178004704","67178","004704"
"L66515001106","66515","001106"
"L67500001670","67500","001670"
"L67302001412","67302","001412"
"L67426001869","67426","001869"
"L67577002630","67577","002630"
"L67574000224","67574","000224"
"L67429002873","67429","002873"
"L67088000752","67088","000752"
"L67246000916","67246","000916"
"L67524005398","67524","005398"
"L66808002479","66808","002479"
"L67485001692","67485","001692"
"L66099006318","66099","006318"
"L67360001274","67360","001274"
"L67526008170","67526","008170"
"l66889001389","66889","001389"
"l66515001590","66515","001590"
"l66743000738","66743","000738"
"l66515001600","66515","001600"
"L67080002830","67080","002830"
"L67080002834","67080","002834"
"L66567000671","66567","000671"
"L67426000998","67426","000998"
"L66080000496","66080","000496"
"L67490001173","67490","001173"
"L66138004011","66138","004011"
"L65782000240","65782","000240"
"L67080001508","67080","001508"
"l66806000273","66806","000273"
"l65911001441","65911","001441"
"L67167000136","67167","000136"
"L67464005123","67464","005123"
"L67360001989","67360","001989"
"L67418002219","67418","002219"
"L67464003807","67464","003807"
"L67464003323","67464","003323"
"L65680001096","65680","001096"
"L67525002319","67525","002319"
"L67030000973","67030","000973"
"L67080005418","67080","005418"
"L67466000938","67466","000938"
"L66981006477","66981","006477"
"L66780000705","66780","000705"
"L67577015180","67577","015180"
"L67466001043","67466","001043"
"L67274002092","67274","002092"
"L67078002342","67078","002342"
"L66941003982","66941","003982"
"L67606000883","67606","000883"
"L66866009674","66866","009674"
"L67500002202","67500","002202"
"L67170001674","67170","001674"
"L67088001493","67088","001493"
"L67464001671","67464","001671"
"L67519000978","67519","000978"
"L67170005555","67170","005555"
"L66861006136","66861","006136"
"L66777003839","66777","003839"
"L67531000459","67531","000459"
"L67690003930","67690","003930"
"L67215000295","67215","000295"
"L66367002347","66367","002347"
"L67606003217","67606","003217"
"L67418001093","67418","001093"
"L67492000981","67492","000981"
"L65708001552","65708","001552"
"L66463000027","66463","000027"
"L66580000430","66580","000430"
"L67524001599","67524","001599"
"l67645000324","67645","000324"
"l66861005100","66861","005100"
"l66495016991","66495","016991"
"L66866000876","66866","000876"
"L67645011594","67645","011594"
"L67360001498","67360","001498"
"L67016001125","67016","001125"
"L67016001124","67016","001124"
"L67016001113","67016","001113"
"L66496000385","66496","000385"
"L66496000372","66496","000372"
"L67016001120","67016","001120"
"L67261006289","67261","006289"
"L67248000017","67248","000017"
"L67248004573","67248","004573"
"L66781000414","66781","000414"
"L67005005402","67005","005402"
"L67485001864","67485","001864"
"L67005006037","67005","006037"
"L66894002457","66894","002457"
"L67355001797","67355","001797"
"L66638000614","66638","000614"
"L66986000412","66986","000412"
"L67240000229","67240","000229"
"L67132001257","67132","001257"
"L67486000601","67486","000601"
"L67132001261","67132","001261"
"L67240000221","67240","000221"
"L67486000800","67486","000800"
"L66802003256","66802","003256"
"L67166002082","67166","002082"
"L67418001784","67418","001784"
"L67525001081","67525","001081"
"L67233004743","67233","004743"
"L67533001630","67533","001630"
"L67485002692","67485","002692"
"L67485000064","67485","000064"
"L67486000139","67486","000139"
"L67090000318","67090","000318"
"L67360001335","67360","001335"
"L67496000462","67496","000462"
"L67175006202","67175","006202"
"L67170010860","67170","010860"
"L67246000667","67246","000667"
"L67261002374","67261","002374"
"L67298000601","67298","000601"
"L67525000778","67525","000778"
"L67519000969","67519","000969"
"L66986000536","66986","000536"
"L67175006742","67175","006742"
"L66702002666","66702","002666"
"L66861008271","66861","008271"
"L67178002893","67178","002893"
"L67166000055","67166","000055"
"L67485003392","67485","003392"
"L67574000707","67574","000707"
"L67240000587","67240","000587"
"L67490000687","67490","000687"
"L67166001617","67166","001617"
"L67646006002","67646","006002"
"L67646005901","67646","005901"
"L67646005990","67646","005990"
"L67248004170","67248","004170"
"L67641019152","67641","019152"
"L67219000975","67219","000975"
"L67573001598","67573","001598"
"L66862007865","66862","007865"
"L67166000735","67166","000735"
"L67462003867","67462","003867"
"L67519000874","67519","000874"
"L67485000068","67485","000068"
"L67485000071","67485","000071"
"L67485002697","67485","002697"
"L67485002696","67485","002696"
"L67485000063","67485","000063"
"L67486000787","67486","000787"
"L66808001032","66808","001032"
"L66886000097","66886","000097"
"L67240000224","67240","000224"
"L66886000096","66886","000096"
"L67426004582","67426","004582"
"L67492000637","67492","000637"
"L67520000673","67520","000673"
"L67641014715","67641","014715"
"L67351004002","67351","004002"
"L67641014920","67641","014920"
"L67641005676","67641","005676"
"L67641014706","67641","014706"
"L67351004224","67351","004224"
"L67351014705","67351","014705"
"L67349005801","67349","005801"
"L67641014721","67641","014721"
"L67088002712","67088","002712"
"L67351003922","67351","003922"
"L67351018061","67351","018061"
"L67641005675","67641","005675"
"L67641005660","67641","005660"
"L67351014723","67351","014723"
"L67640000874","67640","000874"
"L67520001222","67520","001222"
"L67690001889","67690","001889"
"L67525002968","67525","002968"
"L67426003926","67426","003926"
"L67355001207","67355","001207"
"L67533000281","67533","000281"
"L67249000544","67249","000544"
"L67581007598","67581","007598"
"L66099004474","66099","004474"
"L66944001238","66944","001238"
"L67090001033","67090","001033"
"L67302000649","67302","000649"
"L67573000999","67573","000999"
"L67525002581","67525","002581"
"L67486002343","67486","002343"
"L66886000862","66886","000862"
"L67296002025","67296","002025"
"L67486000312","67486","000312"
"L67730007148","67730","007148"
"L67356000464","67356","000464"
"L67577012095","67577","012095"
"L67352001886","67352","001886"
"L67606001804","67606","001804"
"L67429002198","67429","002198"
"L67274002945","67274","002945"
"L67704003772","67704","003772"
"L67700002814","67700","002814"
"L67493000881","67493","000881"
"L67696000490","67696","000490"
"L67499001783","67499","001783"
"L67747003943","67747","003943"
"L67701000221","67701","000221"
"L67747001001","67747","001001"
"L67464000999","67464","000999"
"L67747001019","67747","001019"
"L67747003939","67747","003939"
"L67747001027","67747","001027"
"L67747005959","67747","005959"
"L67747003946","67747","003946"
"L67747004967","67747","004967"
"L67747005956","67747","005956"
"L67747005955","67747","005955"
"L67350001413","67350","001413"
"L67747003949","67747","003949"
"L67495006530","67495","006530"
"L67747003936","67747","003936"
"L66568000262","66568","000262"
"L67747003947","67747","003947"
"L67747003940","67747","003940"
"L67699001068","67699","001068"
"L67712001031","67712","001031"
"l67699000600","67699","000600"
"L67426002034","67426","002034"
"L67573000930","67573","000930"
"L67296002412","67296","002412"
"L67357001701","67357","001701"
"L67462002565","67462","002565"
"L66721000612","66721","000612"
"L66259001729","66259","001729"
"L66500001741","66500","001741"
"L67493000283","67493","000283"
"L67747005441","67747","005441"
"L67641012636","67641","012636"
"L67486000049","67486","000049"
"L67486000143","67486","000143"
"L67486000148","67486","000148"
"L67485000075","67485","000075"
"L67485000070","67485","000070"
"L67221000261","67221","000261"
"L66569000669","66569","000669"
"L67091001272","67091","001272"
"L67640002257","67640","002257"
"L67640002246","67640","002246"
"L67640002262","67640","002262"
"L67640002258","67640","002258"
"L67640011155","67640","011155"
"L67640011183","67640","011183"
"L67640002252","67640","002252"
"L67640002251","67640","002251"
"L67080000249","67080","000249"
"L67700002140","67700","002140"
"L67347002286","67347","002286"
"L67698000034","67698","000034"
"L67698001546","67698","001546"
"L67170009137","67170","009137"
"L67166000012","67166","000012"
"l66894004082","66894","004082"
"L67418002553","67418","002553"
"L67464006779","67464","006779"
"L67178003139","67178","003139"
"L67640006016","67640","006016"
"L67357000873","67357","000873"
"L67220000829","67220","000829"
"L67645005749","67645","005749"
"L67524003875","67524","003875"
"L66886002541","66886","002541"
"L66886002542","66886","002542"
"L66886002538","66886","002538"
"L66886002546","66886","002546"
"L67485000688","67485","000688"
"L67485000677","67485","000677"
"L67485000683","67485","000683"
"L67485000696","67485","000696"
"L67486000795","67486","000795"
"L67486000799","67486","000799"
"L66886002534","66886","002534"
"L67485000681","67485","000681"
"L67486000146","67486","000146"
"L67577000621","67577","000621"
"L67486000150","67486","000150"
"L67485002693","67485","002693"
"L67485000670","67485","000670"
"L67486000154","67486","000154"
"L67486000480","67486","000480"
"L67486000479","67486","000479"
"L67486000467","67486","000467"
"L67811008851","67811","008851"
"L67645005780","67645","005780"
"L67499001882","67499","001882"
"L67704000958","67704","000958"
"L66254001404","66254","001404"
"L67349000103","67349","000103"
"L67463001223","67463","001223"
"L66638004170","66638","004170"
"L66079001019","66079","001019"
"L67698000943","67698","000943"
"L67240001208","67240","001208"
"L67296003538","67296","003538"
"L67690004800","67690","004800"
"L67690004829","67690","004829"
"L67639004891","67639","004891"
"L67812002917","67812","002917"
"L67645003521","67645","003521"
"L67170008201","67170","008201"
"L67812002904","67812","002904"
"L67712001566","67712","001566"
"L67700002134","67700","002134"
"L67466001012","67466","001012"
"L67606003567","67606","003567"
"L67525001319","67525","001319"
"L67526011732","67526","011732"
"L67700002128","67700","002128"
"L67747004866","67747","004866"
"L67747004870","67747","004870"
"L67747004857","67747","004857"
"L67347001661","67347","001661"
"L67797000775","67797","000775"
"L67355001407","67355","001407"
"L67705000505","67705","000505"
"L67794005653","67794","005653"
"L67526011390","67526","011390"
"L67640005924","67640","005924"
"L67811001597","67811","001597"
"L67705000621","67705","000621"
"L67628001452","67628","001452"
"L67730008766","67730","008766"
"L67700003835","67700","003835"
"L67628000761","67628","000761"
"L67302001454","67302","001454"
"L67426002651","67426","002651"
"L65965004835","65965","004835"
"L66642001287","66642","001287"
"L66642001280","66642","001280"
"L66408000058","66408","000058"
"L67428002106","67428","002106"
"L67580003646","67580","003646"
"L67580003650","67580","003650"
"L67580003649","67580","003649"
"L67700001173","67700","001173"
"L67731001835","67731","001835"
"L67731001842","67731","001842"
"L67640003913","67640","003913"
"L66743001169","66743","001169"
"L67485002916","67485","002916"
"L66630002228","66630","002228"
"L67170007399","67170","007399"
"L66267001197","66267","001197"
"L66719000266","66719","000266"
"L67492002489","67492","002489"
"L67464002293","67464","002293"
"L67360001618","67360","001618"
"L67696001155","67696","001155"
"L67641015752","67641","015752"
"L67297001425","67297","001425"
"L67696001593","67696","001593"
"L67417002660","67417","002660"
"L67640000650","67640","000650"
"L67350000332","67350","000332"
"L67427000436","67427","000436"
"L67728000844","67728","000844"
"L67352002006","67352","002006"
"L67464002194","67464","002194"
"L67790000532","67790","000532"
"L67468000176","67468","000176"
"L67696001051","67696","001051"
"L67581001164","67581","001164"
"L66254000541","66254","000541"
"L66943000272","66943","000272"
"l66986004931","66986","004931"
"L67168000272","67168","000272"
"L67690001325","67690","001325"
"L67714000226","67714","000226"
"L67490001705","67490","001705"
"L67699001154","67699","001154"
"L66523003297","66523","003297"
"L67794004209","67794","004209"
"L67606002991","67606","002991"
"L67581007868","67581","007868"
"L67485000471","67485","000471"
"L67577014977","67577","014977"
"L65967000735","65967","000735"
"L67766002173","67766","002173"
"L67645001682","67645","001682"
"L67811002470","67811","002470"
"L67500003070","67500","003070"
"L66577001591","66577","001591"
"L66777007960","66777","007960"
"L66772004071","66772","004071"
"L67833015665","67833","015665"
"L66902000190","66902","000190"
"L67577006215","67577","006215"
"L67418001005","67418","001005"
"L66138004059","66138","004059"
"L67606002031","67606","002031"
"L66804000590","66804","000590"
"L66642000761","66642","000761"
"L66805000618","66805","000618"
"L66201002801","66201","002801"
"L67427000262","67427","000262"
"L67696003368","67696","003368"
"L67465001075","67465","001075"
"L67799000406","67799","000406"
"L67485004310","67485","004310"
"L67581007377","67581","007377"
"L67499001870","67499","001870"
"L67799000047","67799","000047"
"L67809002017","67809","002017"
"L67794004098","67794","004098"
"L67356001659","67356","001659"
"L67766000923","67766","000923"
"L67809001870","67809","001870"
"L67800000944","67800","000944"
"L67573001939","67573","001939"
"L67298004996","67298","004996"
"L67080001487","67080","001487"
"L65835005633","65835","005633"
"L66138004016","66138","004016"
"L66803000329","66803","000329"
"L66894002211","66894","002211"
"L67833015349","67833","015349"
"L67261000104","67261","000104"
"L65883003855","65883","003855"
"L67690003435","67690","003435"
"L67690003439","67690","003439"
"L67690000336","67690","000336"
"L67351014732","67351","014732"
"L67351018074","67351","018074"
"L67833015365","67833","015365"
"L67833015371","67833","015371"
"L67349005837","67349","005837"
"L67354001209","67354","001209"
"L67354001217","67354","001217"
"L67577018044","67577","018044"
"L67577018038","67577","018038"
"L67577018040","67577","018040"
"L67354001626","67354","001626"
"L67349005830","67349","005830"
"L67577018043","67577","018043"
"L67349005835","67349","005835"
"L67491001189","67491","001189"
"L67640010801","67640","010801"
"L67811005035","67811","005035"
"L67519000444","67519","000444"
"L67798001516","67798","001516"
"L67705000611","67705","000611"
"L67468000625","67468","000625"
"L67611000721","67611","000721"
"L66773000076","66773","000076"
"L67812002831","67812","002831"
"L67794001906","67794","001906"
"L67580002616","67580","002616"
"L67580002613","67580","002613"
"L67580002612","67580","002612"
"L67519001757","67519","001757"
"L67747004211","67747","004211"
"L66981001440","66981","001440"
"L66515001740","66515","001740"
"l66255000727","66255","000727"
"l66469000136","66469","000136"
"L67646006408","67646","006408"
"L67021003229","67021","003229"
"L67021003232","67021","003232"
"l67132000290","67132","000290"
"L67705002922","67705","002922"
"L66720001033","66720","001033"
"L67728000177","67728","000177"
"L67728000173","67728","000173"
"L67490001383","67490","001383"
"L67797001529","67797","001529"
"L67713001126","67713","001126"
"L67713001951","67713","001951"
"L67520001338","67520","001338"
"L67233000152","67233","000152"
"L67577000848","67577","000848"
"L67520001713","67520","001713"
"L67701001788","67701","001788"
"L67496001968","67496","001968"
"L66861011288","66861","011288"
"L67811000771","67811","000771"
"L67731001029","67731","001029"
"L66229011017","66229","011017"
"L67794001103","67794","001103"
"L67525001432","67525","001432"
"l67221000353","67221","000353"
"L67355001420","67355","001420"
"l67350004907","67350","004907"
"L67581004734","67581","004734"
"L67170005917","67170","005917"
"L67519000868","67519","000868"
"L67466000686","67466","000686"
"L66196001245","66196","001245"
"L67728000044","67728","000044"
"L67690002920","67690","002920"
"L67690002922","67690","002922"
"L67690002909","67690","002909"
"L67297001242","67297","001242"
"L67606001613","67606","001613"
"L66578000320","66578","000320"
"L67167000301","67167","000301"
"L67426006288","67426","006288"
"L67520000572","67520","000572"
"L67645001302","67645","001302"
"L67178004970","67178","004970"
"L66886002781","66886","002781"
"L67811000660","67811","000660"
"L67833018682","67833","018682"
"L65969001893","65969","001893"
"L67701001168","67701","001168"
"L67606001830","67606","001830"
"L67701000744","67701","000744"
"L67701001189","67701","001189"
"L67701001171","67701","001171"
"L67248005748","67248","005748"
"L67170000717","67170","000717"
"L67811008672","67811","008672"
"L67465004039","67465","004039"
"L67525002300","67525","002300"
"L67526001748","67526","001748"
"L67646000764","67646","000764"
"L67645005302","67645","005302"
"L66488000763","66488","000763"
"L67581005240","67581","005240"
"L67730003004","67730","003004"
"L67645009799","67645","009799"
"l67351002504","67351","002504"
"L67580003860","67580","003860"
"L67690001883","67690","001883"
"L67690001987","67690","001987"
"L67351018942","67351","018942"
"L67690001988","67690","001988"
"L67574001400","67574","001400"
"L66743002837","66743","002837"
"L67297002867","67297","002867"
"L66408001254","66408","001254"
"L67418001903","67418","001903"
"L67610001678","67610","001678"
"L67240002437","67240","002437"
"L67645007972","67645","007972"
"L67090001195","67090","001195"
"L66944003637","66944","003637"
"L67581001712","67581","001712"
"L67699000806","67699","000806"
"L67766006337","67766","006337"
"L67577003051","67577","003051"
"L67609000369","67609","000369"
"L67088001754","67088","001754"
"l67005005396","67005","005396"
"L67170007935","67170","007935"
"L67797003831","67797","003831"
"L67640005015","67640","005015"
"L67811008700","67811","008700"
"L67640001748","67640","001748"
"L67519001190","67519","001190"
"L67491000198","67491","000198"
"L67766008757","67766","008757"
"L67798001972","67798","001972"
"l67170007170","67170","007170"
"L66777008482","66777","008482"
"L67492001958","67492","001958"
"L67526008061","67526","008061"
"L67645005394","67645","005394"
"L67524005463","67524","005463"
"L67574000431","67574","000431"
"L67469000984","67469","000984"
"L67427000510","67427","000510"
"L67301000982","67301","000982"
"L67301000515","67301","000515"
"L67795000859","67795","000859"
"L67170004468","67170","004468"
"L67819002898","67819","002898"
"L67794000360","67794","000360"
"L65835000573","65835","000573"
"L67696001546","67696","001546"
"L67490000811","67490","000811"
"L67728003814","67728","003814"
"L67699000472","67699","000472"
"L67606000844","67606","000844"
"L67728003822","67728","003822"
"L67606000834","67606","000834"
"L67360000251","67360","000251"
"L66720003360","66720","003360"
"L67274001082","67274","001082"
"L67360000264","67360","000264"
"L67728003823","67728","003823"
"L67581000111","67581","000111"
"L66097001513","66097","001513"
"L65802001724","65802","001724"
"L66097003543","66097","003543"
"L66097002826","66097","002826"
"L66478000097","66478","000097"
"L67766002367","67766","002367"
"L67219000011","67219","000011"
"L67428001958","67428","001958"
"L67833008032","67833","008032"
"L67245000220","67245","000220"
"L66581011262","66581","011262"
"L67606000949","67606","000949"
"L65835004177","65835","004177"
"L67766000874","67766","000874"
"L67429002683","67429","002683"
"L67696000889","67696","000889"
"L67132000772","67132","000772"
"L67645008791","67645","008791"
"L67645008783","67645","008783"
"L67524000442","67524","000442"
"L67730000595","67730","000595"
"L67696002584","67696","002584"
"L67347000686","67347","000686"
"L67811008000","67811","008000"
"L67273001554","67273","001554"
"L67273001558","67273","001558"
"L67248000356","67248","000356"
"L67747000167","67747","000167"
"L67747000159","67747","000159"
"L67747000163","67747","000163"
"L67747000154","67747","000154"
"L67747000162","67747","000162"
"L67429000777","67429","000777"
"L67747000166","67747","000166"
"L67519001216","67519","001216"
"L67747000158","67747","000158"
"L67519001219","67519","001219"
"L67486000798","67486","000798"
"L67812000381","67812","000381"
"L67486000804","67486","000804"
"L67486000474","67486","000474"
"L67486000794","67486","000794"
"L67486000475","67486","000475"
"L67524009119","67524","009119"
"L67524008992","67524","008992"
"L66007001538","66007","001538"
"L67606003886","67606","003886"
"L67645009084","67645","009084"
"L67795000384","67795","000384"
"L67352004288","67352","004288"
"L67248004702","67248","004702"
"L67465003394","67465","003394"
"L66979000352","66979","000352"
"L67233000899","67233","000899"
"L67417006060","67417","006060"
"L67696001245","67696","001245"
"L67580002106","67580","002106"
"L67794004086","67794","004086"
"L66568000190","66568","000190"
"L66264001409","66264","001409"
"L67573001194","67573","001194"
"L66568000181","66568","000181"
"L66264001408","66264","001408"
"L66264001318","66264","001318"
"L66568000184","66568","000184"
"L66568000185","66568","000185"
"L67573000069","67573","000069"
"L67799001650","67799","001650"
"L67799001648","67799","001648"
"L67574001734","67574","001734"
"L67809001950","67809","001950"
"L67731001650","67731","001650"
"L67698001294","67698","001294"
"l67698001338","67698","001338"
"L67747005629","67747","005629"
"L67747005642","67747","005642"
"L67747005635","67747","005635"
"L67747005631","67747","005631"
"L67747005638","67747","005638"
"L67747005625","67747","005625"
"L67747005632","67747","005632"
"L67485000689","67485","000689"
"L67485000674","67485","000674"
"L67352004213","67352","004213"
"L67698000624","67698","000624"
"L67996001026","67996","001026"
"L67872011122","67872","011122"
"L67355003544","67355","003544"
"L67088002111","67088","002111"
"L67871004397","67871","004397"
"L67352001504","67352","001504"
"L67866001576","67866","001576"
"L67799001647","67799","001647"
"L67866001310","67866","001310"
"L67466000158","67466","000158"
"L67606001151","67606","001151"
"L67462000752","67462","000752"
"L67611001038","67611","001038"
"L67996001872","67996","001872"
"L67358000215","67358","000215"
"L67996001873","67996","001873"
"l67178006034","67178","006034"
"L67811005030","67811","005030"
"L67811008852","67811","008852"
"L67811008828","67811","008828"
"L67795000030","67795","000030"
"L67996002114","67996","002114"
"L67747000256","67747","000256"
"L65809006696","65809","006696"
"L67429000129","67429","000129"
"L67872000406","67872","000406"
"L67080002828","67080","002828"
"L67580000910","67580","000910"
"L66138005319","66138","005319"
"L66941001280","66941","001280"
"L66138005313","66138","005313"
"L67864000264","67864","000264"
"L66138005323","66138","005323"
"L67080002821","67080","002821"
"L66138005317","66138","005317"
"L67696001386","67696","001386"
"L67645000383","67645","000383"
"L66986004616","66986","004616"
"L66986004611","66986","004611"
"L66850008100","66850","008100"
"L66570003056","66570","003056"
"L66986004598","66986","004598"
"L67580000926","67580","000926"
"L67840000496","67840","000496"
"L67872008564","67872","008564"
"L67872008559","67872","008559"
"L67581005843","67581","005843"
"L67868001422","67868","001422"
"l67869000691","67869","000691"
"L67996000552","67996","000552"
"L67728001465","67728","001465"
"L67690001833","67690","001833"
"L67705000224","67705","000224"
"L67993003059","67993","003059"
"L67993003054","67993","003054"
"L67993002245","67993","002245"
"L67913000279","67913","000279"
"L67800001420","67800","001420"
"L67867001352","67867","001352"
"L68001000507","68001","000507"
"L67519000889","67519","000889"
"L67797003682","67797","003682"
"L67574000390","67574","000390"
"L66665000637","66665","000637"
"L67520001544","67520","001544"
"L67248003577","67248","003577"
"L67606004547","67606","004547"
"L67524003312","67524","003312"
"L68040001227","68040","001227"
"L68040001798","68040","001798"
"L68040001806","68040","001806"
"L68040001794","68040","001794"
"L68040001235","68040","001235"
"L68040001795","68040","001795"
"L68040001228","68040","001228"
"L68040001802","68040","001802"
"L68040001807","68040","001807"
"L68040001239","68040","001239"
"L68040001799","68040","001799"
"L68040001236","68040","001236"
"L68040001803","68040","001803"
"L68040001232","68040","001232"
"L66408000190","66408","000190"
"L68040001231","68040","001231"
"L67248006333","67248","006333"
"L67352006590","67352","006590"
"L66866003405","66866","003405"
"L67996001084","67996","001084"
"L67866000080","67866","000080"
"L67574000887","67574","000887"
"L67839000057","67839","000057"
"L67866001758","67866","001758"
"L67797001521","67797","001521"
"L67486000718","67486","000718"
"L68040001246","68040","001246"
"L67704000561","67704","000561"
"L66850004280","66850","004280"
"L67302002669","67302","002669"
"L67350002588","67350","002588"
"L67798000345","67798","000345"
"L67261000356","67261","000356"
"L67606001934","67606","001934"
"L67468000580","67468","000580"
"L67519000890","67519","000890"
"L67800001419","67800","001419"
"L67519000894","67519","000894"
"L67800001423","67800","001423"
"L67996001720","67996","001720"
"L66980000677","66980","000677"
"L67645012091","67645","012091"
"L67645000892","67645","000892"
"L68002001737","68002","001737"
"L68021001360","68021","001360"
"L67347002469","67347","002469"
"L67347002465","67347","002465"
